涨幅,现价,涨跌,买价,卖价,总手,总金额,现手,涨速,实体涨幅,现均差%,换手,委比%,总市值,流通市值,流通比例%,内盘,外盘,内外比,主力净量,量比,净利润？,市净率,每股盈利,昨收,开盘,开盘涨幅,最高,最低,5日涨幅,10日涨幅,20日涨幅,年初至今,振幅,买量,卖量,笔数,机构动向,总股本,流通股本,利润总额,净利润增长率,每股净资产,金叉个数,散户数量
0.0073,12.37,0.09,12.36,12.37,15865370,195717550,5000,0.0024,0.0065,0.28,0.0396,-6.36,6403166500,4955423800,0.7739,7702075,8163295,0.944,0.13,0.77,-14000000,3.25,-0.01,12.28,12.29,0.0008,12.43,12.19,-0.0898,-0.1043,0.1434,-0.1916,0.0195,33600,14400,15390,6.52,517636750,400600140,-1.34E+15,-1.486,3.81,2,-43.75
-0.0157,12.52,-0.2,12.51,12.52,8468937,106369045,3200,0,-0.0103,-0.31,0.0037,84.87,32735969000,28641840000,0.8749,5349204,3119733,1.71,-0.04,1.07,-38586477,4.29,-0.015,12.72,12.65,-0.0055,12.69,12.48,-0.0126,0.0097,-0.0572,-0.1226,0.0165,82400,600,9863,-13.7,2614694000,2287686900,-4.42E+15,-1.291,2.92,0,4.13
-0.0373,26.62,-1.03,26.62,26.63,4491206,121128554,400,0.0008,-0.0309,-1.27,0.0469,38.14,4126100000,2547866800,0.6175,2740700,1750506,1.57,0.03,2.01,-22400000,6.67,-0.11,27.65,27.47,-0.0065,27.64,26.55,-0.0352,-0.0696,-0.2899,0.1779,0.0394,4000,1300,8490,1.27,155000000,95712500,-1.78E+15,-0.7215,3.99,0,5.53
-0.0579,3.58,-0.22,3.57,3.58,70684014,256527360,1900,0,-0.0453,-1.3,0.0953,57.46,3108602200,2655256600,0.8542,43560490,27123524,1.61,-1.25,2.93,-42818516,56.74,-0.049,3.8,3.75,-0.0132,3.78,3.55,-0.0428,-0.0402,-0.116,-0.1456,0.0605,912700,142100,34060,-28.36,868324650,741691780,-4.32E+15,0.0396,0.06,2,204.26
0.047,16.05,0.72,16.04,16.05,33879919,552572080,3400,-0.0037,0.0094,-1.69,0.2394,74.26,3851866000,2271145500,0.5896,15243553,18636366,0.818,-4.16,5.6,4578814,1.77,0.02,15.33,15.9,0.0372,16.86,15.82,0.2215,0.1933,0.2442,0.1031,0.0678,5100,7400,41370,-34.13,239991650,141504390,3.60E+14,-0.4988,9.06,1,613.47
0.0817,20.4,1.54,20.4,20.41,5249993,104539528,10200,0.002,0.0817,2.59,0.0228,-63.82,4689700000,4689700000,1,1844143,3405850,0.542,0.03,2.27,74500000,5.45,0.14,18.86,18.86,0,20.46,18.7,0.1088,0.0659,0.101,0.5902,0.0933,3500,2300,11232,3.54,230000000,230000000,3.75E+15,0.4614,3.74,6,-6.1
-0.0143,7.58,-0.11,7.58,7.59,4101105,31233137,2000,0,-0.013,-0.47,0.0032,38.9,9568645600,9568645600,1,2653795,1447310,1.83,-0.01,1.25,378263650,1.09,0.3,7.69,7.68,-0.0013,7.68,7.56,0.0013,0.0285,-0.0245,-0.0447,0.0156,43400,54700,7425,-8.16,1262354300,1262354300,5.55E+16,0.0401,6.98,1,-0.88
0.0499,89.85,4.27,89.65,89.85,3347972,294131030,3100,-0.0017,0.0548,2.33,0.0482,-21.52,8980000000,6245579000,0.6951,1543950,1804022,0.856,0.04,1.59,18324726,9.44,0.18,85.58,85.18,-0.0047,90.1,85.12,0.0801,0.1523,0.2942,0.1244,0.0582,600,1100,11597,1.41,100000000,69511174,2.06E+15,-0.4043,9.51,2,-8.31
0.0117,31.91,0.37,31.91,31.99,1757574,56440460,100,-0.0003,-0.0025,-0.64,0.0458,23.08,3063369600,1225353570,0.4,909020,848554,1.07,0.13,4.83,27161333,2.71,0.283,31.54,31.99,0.0143,32.63,31.29,0.0003,0.0284,0.035,-0.5037,0.0425,2000,1000,5424,15.71,96000300,38400300,3.07E+15,-0.0295,11.78,3,-67.51
-0.0109,14.5,-0.16,14.5,14.51,592250,8588384,2100,-0.0007,-0.0082,-0.01,0.0134,71.67,2163472500,640972500,0.2963,357100,235150,1.52,0.15,1.09,7446722,2.66,0.05,14.66,14.62,-0.0027,14.7,14.44,-0.0082,0.0083,-0.056,-0.4257,0.0177,12400,8100,1258,67.29,149205000,44205000,7.51E+14,0.0118,5.45,1,-21.3
-0.0046,15.13,-0.07,15.13,15.15,1558140,23512727,600,-0.0013,-0.0046,0.26,0.0238,39.4,2178720000,989138880,0.454,812180,745960,1.09,-0.09,0.59,5338501,3.31,0.037,15.2,15.2,0,15.27,14.92,-0.0282,0.0543,0.076,-0.2546,0.023,4500,90,3933,-16.87,144000000,65376000,5.48E+14,-0.7519,4.58,1,18.18
0.0072,11.12,0.08,11.12,11.13,2438000,27251618,100,-0.0009,0.0072,-0.52,0.0096,62.13,3034726900,2837173600,0.9349,1151650,1286350,0.895,0.06,1.56,17728313,1.63,0.06,11.04,11.04,0,11.34,10.96,0.0335,0.0744,0.0344,-0.232,0.0344,900,1200,4332,12.29,272907100,255141510,1.90E+15,0.3218,6.83,0,-11.03
-0.0079,7.52,-0.06,7.52,7.53,2907721,21856682,100,0,-0.0053,0.04,0.0079,35.1,3324593700,2757751400,0.8295,1867250,1040471,1.79,0.01,1.09,23651276,2.27,0.057,7.58,7.56,-0.0026,7.6,7.48,-0.0221,0.0217,0.0053,-0.1404,0.0158,18400,16000,4219,2.99,442100220,366722270,2.89E+15,0.0626,3.31,2,-1.88
-0.0048,8.33,-0.04,8.32,8.33,1070450,8869812,2700,0.0012,-0.0036,0.52,0.0046,16.98,1955468600,1950919900,0.9977,671750,398700,1.68,-0.02,0.62,11614749,2.56,0.05,8.37,8.36,-0.0012,8.37,8.25,-0.048,0,0.0611,0.0024,0.0143,100,9700,2451,-100,234750130,234204070,1.27E+15,-0.1829,3.25,1,1.86
0,6.05,0,6.05,6.06,7837411,46966932,300,0.0033,0.0083,0.95,0.0138,-24.03,4148854700,3437051400,0.8284,4107481,3729930,1.1,-0.05,0.58,-3629959,1.94,-0.005,6.05,6,-0.0083,6.06,5.93,-0.0242,0.098,0.094,-0.238,0.0215,78970,36200,8717,-10.02,685761100,568107670,-5.43E+14,-1.247,3.12,0,9.5
0.0085,15.42,0.13,15.42,15.43,11468540,177462770,100,-0.0019,0.0085,-0.35,0.0355,-24.29,5083974100,4982116100,0.98,5443947,6024593,0.904,-0.1,1.88,-7787043,2.04,-0.024,15.29,15.29,0,15.7,15.19,0.0844,0.0967,0.0232,-0.3115,0.0334,2800,4900,15793,-6.2,329700010,323094430,-1.13E+15,-3.325,7.57,1,17.98
0.0045,8.97,0.04,8.96,8.97,7498919,66958580,3700,0.0011,0.0045,0.46,0.0127,-41.47,6675196500,5287656900,0.7921,3583988,3914931,0.916,-0.11,0.72,82083888,2.78,0.11,8.93,8.93,0,9,8.87,-0.0355,0.0056,0.0504,-0.0518,0.0146,11000,7600,12133,-22.48,744169070,589482370,1.06E+16,13.83,3.23,1,15.73
-0.0168,6.44,-0.11,6.44,6.45,1829600,11795218,200,0,-0.0108,-0.11,0.0082,36.52,1950070800,1438105700,0.7375,1132050,697550,1.62,-0.13,0.95,-12587529,2.65,-0.042,6.55,6.51,-0.0061,6.55,6.42,-0.0271,0.0016,0.0287,0.0094,0.0198,15900,200,3623,-59.03,302806030,223308340,-1.45E+15,-0.6738,2.43,2,11.31
0.0302,11.95,0.35,11.94,11.95,6302200,74348791,0,0.0034,0.0355,1.32,0.0151,-33.99,5464986200,4981627000,0.9116,2880000,3422200,0.842,0.1,1.18,26407428,4.43,0.058,11.6,11.54,-0.0052,12.03,11.52,-0.0205,0.1371,0.0205,0.4597,0.044,7400,13600,15246,21.42,457321020,416872550,4.05E+15,10.36,2.7,4,-19.83
0.0078,76.7,0.59,76.69,76.7,1875630,142570620,100,0.0012,0.0119,0.9,0.0037,72.48,39757445000,39096179000,0.9834,960561,915069,1.05,0,0.86,505581320,9.02,0.975,76.11,75.8,-0.0041,77.2,74.79,0.0204,0.1085,0.0772,-0.0921,0.0317,100,300,7474,1.37,518350000,509728540,5.77E+16,0.1648,8.5,1,5.91
0.0049,8.26,0.04,8.26,8.27,6811918,56371555,300,0,0.0061,-0.19,0.0177,19.87,3835953700,3176308800,0.828,3484222,3327696,1.05,0.05,0.71,27255138,1.52,0.059,8.22,8.21,-0.0012,8.36,8.15,-0.0108,0.1013,0.1162,-0.0953,0.0255,5900,48200,10810,10.22,464401180,384541020,3.22E+15,1.117,5.45,2,-6.55
-0.0025,16.27,-0.04,16.27,16.28,6200605,100199243,9100,0.0006,-0.0049,0.68,0.0161,9.75,7519643300,6269927200,0.8338,3522068,2678537,1.31,-0.23,0.63,5957263,6.67,0.013,16.31,16.35,0.0025,16.39,16.03,0.0074,0.0457,0.0125,-0.2334,0.0221,34500,12700,7751,-35.9,462178440,385367370,2.74E+14,0.0468,2.44,1,74.73
0.0087,6.99,0.06,6.99,7,11344825,78963881,100,-0.0014,0.0058,0.43,0.013,-75.95,7647685400,6104201100,0.7982,4598996,6745829,0.682,0.14,1.75,77628876,1.63,0.071,6.93,6.95,0.0029,7.04,6.84,0.0116,0.0972,0.0671,-0.2148,0.0289,38800,36600,11874,28.36,1094089480,873276270,9.69E+15,0.0139,4.29,1,-25.16
-0.0078,15.36,-0.12,15.35,15.37,202100,3101116,100,0.0007,-0.0097,0.1,0.0023,21.33,1536063700,1339529660,0.8721,112050,90050,1.24,0.02,0.5,-5483792,2.32,-0.055,15.48,15.51,0.0019,15.59,15.27,-0.0109,0.0378,0.1019,-0.109,0.0207,100,400,830,100,100004149,87208962,-5.48E+14,-2.265,6.62,0,-2.79
-0.0088,10.13,-0.09,10.13,10.14,2327373,23536773,10000,0.001,-0.0059,0.17,0.0133,62.84,2429224600,1768880600,0.7282,1439988,887385,1.62,-0.18,1.04,-18557195,5.05,-0.077,10.22,10.19,-0.0029,10.22,10.07,-0.0194,0.0284,0.013,-0.0791,0.0147,100,12500,4187,-30.59,239805000,174618030,-1.87E+15,0.0874,2.01,2,3.18
-0.0122,6.5,-0.08,6.5,6.51,3253100,21185069,100,0,-0.0166,-0.19,0.0094,41.59,3324256600,2240517800,0.674,2112287,1140813,1.85,-0.09,0.85,21798161,3.35,0.04,6.58,6.61,0.0046,6.61,6.48,-0.0046,0.0484,0.0078,-0.2188,0.0198,41300,11300,3687,-29.05,511424090,344695040,2.33E+15,0.5328,1.94,1,15.36
0.002,15.21,0.03,15.21,15.22,1085431,16413632,300,0.0013,0.0007,0.58,0.0039,-45.42,5854475400,4227408100,0.7221,554431,531000,1.04,0.01,0.5,8586259,2.14,0.02,15.18,15.2,0.0013,15.29,14.96,0.0446,0.13,0.0726,-0.1787,0.0217,2600,4900,1817,11.96,384909630,277936100,1.03E+15,-0.8414,7.1,1,-2.15
0.0228,13.43,0.3,13.44,13.46,5656329,75829606,1000,0.0015,0.019,0.18,0.0411,-76.97,2615881000,1847379500,0.7062,2977197,2679132,1.11,-0.2,1.03,1806789,3.36,0.009,13.13,13.18,0.0038,13.68,13,0.0205,0.0633,0.006,0.1906,0.0518,100,1500,8730,-16.87,194778930,137556180,4.29E+13,-0.8524,4,2,56.52
0.0057,7.09,0.04,7.09,7.1,16275421,115775488,21000,0,-0.0014,-0.33,0.021,-26.17,5844172600,5499409400,0.941,7508420,8767001,0.856,-0.14,1.12,76765573,3.23,0.093,7.05,7.1,0.0071,7.17,7.03,0.026,0.0856,0.0395,-0.0621,0.0199,10600,136500,17182,-16.73,824283870,775657180,7.59E+15,8.609,2.19,0,21.98
0.0012,8.28,0.01,8.28,8.29,5696100,46950194,100,0,0,0.45,0.0129,-3.56,5486951000,3668050600,0.6685,2828050,2868050,0.986,-0.04,1.52,1713395,2.99,0.003,8.27,8.28,0.0012,8.33,8.16,-0.0293,0.0036,0.035,-0.288,0.0206,29600,5100,8567,-5.91,662675240,443001280,2.35E+14,-0.8663,2.77,2,-3
-0.0148,22.01,-0.33,22,22.01,1678357,36842935,200,0.0023,-0.0112,0.26,0.0065,-10.28,5883336100,5665896100,0.963,961460,716897,1.34,-0.04,1.07,92246577,3.56,0.453,22.34,22.26,-0.0036,22.26,21.8,-0.0121,0.0929,-0.0196,-0.2401,0.0206,1900,1700,4074,-12.62,267302870,257423720,2.26E+16,-0.1916,6.18,0,1.6
-0.0079,13.78,-0.11,13.79,13.8,2636699,36274696,1000,0,-0.0101,0.16,0.0165,-1.66,3031460800,2195678700,0.7243,1412352,1224347,1.15,-0.06,1.04,3357173,4.33,0.015,13.89,13.92,0.0022,13.97,13.66,-0.0323,0.0177,0.0058,0.0748,0.0223,100,4200,4368,-11.94,219989900,159338080,2.71E+14,0.3098,3.18,2,3.79
-0.0183,17.14,-0.32,17.14,17.15,43836969,750071630,300,0.0035,-0.0006,0.17,0.0221,-19.35,33979298000,33979298000,1,22666545,21170424,1.07,-0.29,1.14,3400000000,2.5,0.83,17.46,17.15,-0.0178,17.6,16.83,0.0813,0.2044,0.1893,1.5817,0.0441,6800,6900,54289,-25.02,1982456100,1982456100,3.49E+17,4.182,6.86,0,45.62
-0.0058,47.93,-0.28,47.86,47.93,1167550,55577061,100,0.0034,-0.0031,0.68,0.0073,21.88,7864412600,7684821200,0.9772,624100,543450,1.15,-0.13,0.62,22947563,5.05,0.14,48.21,48.08,-0.0027,48.2,47.06,-0.049,0.0771,0.3471,-0.0695,0.0236,600,400,5359,-52.03,164081220,160334260,2.59E+15,-0.0756,9.49,0,33.97
-0.0118,15.06,-0.18,15.05,15.06,22426032,333546180,47700,-0.0053,0.0128,1.23,0.0714,1.45,6178174800,4726571200,0.7645,12086343,10339689,1.17,-1.11,1.46,24650152,3.63,0.06,15.24,14.87,-0.0243,15.66,14.48,0.0858,0.2344,0.3234,0.0495,0.0774,700,4800,33612,-26.31,410237370,313641090,3.12E+15,-0.4877,4.14,0,206.35
0.0042,21.44,0.09,21.42,21.43,889300,18883579,400,0.0033,-0.0115,0.96,0.0063,-12.95,4428598800,3038879500,0.6862,450850,438450,1.03,-0.01,0.73,71060100,3.26,0.34,21.35,21.69,0.0159,21.69,21.02,-0.0201,0.0525,0.0515,-0.2579,0.0314,2600,200,3455,-9.5,206557780,141738780,7.82E+15,0.0264,6.58,2,0
-0.0017,22.96,-0.04,22.96,22.97,6084975,139322650,100,-0.0004,0.0026,0.28,0.0217,7.15,7447929100,6440017200,0.8647,3479832,2605143,1.34,-0.07,0.48,145880500,3.01,0.16,23,22.9,-0.0043,23.1,22.7,-0.0267,0.0164,0.1119,-0.2402,0.0174,8800,3900,7911,-6.52,324387160,280488550,7.80E+15,0.2173,7.64,1,-8.23
0.025,34.49,0.84,34.48,34.49,1113548,37812892,200,0.0041,0.0326,1.58,0.0096,-52.41,5412881700,3993797600,0.7378,465998,647550,0.72,0,1.96,13803290,5.07,0.088,33.65,33.4,-0.0074,34.49,33.4,0.0253,0.1286,0.0354,-0.2201,0.0324,1000,1000,3020,1.51,156940610,115795812,1.49E+15,0.0694,6.81,1,6.37
-0.0115,8.63,-0.1,8.63,8.65,2275559,19694031,5700,0.0012,-0.0058,-0.28,0.0032,51.97,6623507800,6148167400,0.9282,1259700,1015859,1.24,-0.03,0.83,-28705312,1.49,-0.04,8.73,8.68,-0.0057,8.78,8.61,-0.0303,0.0348,0.055,-0.3172,0.0195,4600,17300,5160,-23.32,767498010,712418010,-2.64E+15,-19.26,5.77,1,3.1
0.0017,17.56,0.03,17.55,17.56,7481834,131277145,600,0.0006,0.0046,0.08,0.0179,45.73,21072000000,7322520000,0.3475,4046434,3435400,1.18,-0.01,0.58,241938360,3.93,0.2,17.53,17.48,-0.0029,17.67,17.4,-0.0288,0.0348,0.0623,-0.0394,0.0154,9400,1000,11891,-1.15,1200000000,417000000,2.85E+16,0.9533,4.47,1,6.04
-0.0189,11.95,-0.23,11.95,11.96,4714172,56283118,1000,0.0017,-0.0189,0.09,0.0101,-43.13,5688612800,5558620800,0.9771,3083040,1631132,1.89,-0.17,1.32,-24409475,3.85,-0.05,12.18,12.18,0,12.18,11.88,-0.0213,-0.0042,-0.0108,-0.3191,0.0246,2819,7900,4300,-29.44,476034540,465156550,-2.44E+15,-0.2261,3.1,3,30.64
-0.0121,88.17,-1.08,88.17,88.18,5842740,521487290,2100,-0.0001,-0.02,-1.21,0.012,7.56,44658173000,42867298000,0.9599,3157742,2684998,1.18,-0.04,1.22,950000000,4.54,0.764,89.25,89.97,0.0081,90.8,87.98,-0.088,-0.0573,-0.1831,0.0199,0.0316,4000,1800,23401,-6.25,506500770,486189150,4.59E+16,1.594,19.42,1,44.16
0.0114,25.63,0.29,25.62,25.63,3089038,78764108,4000,0.0027,0.0207,0.52,0.0245,-73.06,5462601700,3225627600,0.5905,1717024,1372014,1.25,0.2,0.77,-83289955,2.08,-0.39,25.34,25.11,-0.0091,25.86,25.02,-0.1654,-0.1442,-0.0469,-0.3632,0.0331,100,12100,7060,21.43,213133110,125853595,-9.88E+15,-2.788,12.34,3,-34.77
-0.0099,11.97,-0.12,11.97,11.98,37294699,446111240,4500,0.0017,-0.0025,0.07,0.0075,15.14,59532556000,59378080000,0.9974,22216445,15078254,1.47,-0.05,0.95,-411424610,1.42,-0.083,12.09,12,-0.0074,12.1,11.87,0.0196,0.1073,0.1042,-0.4768,0.019,8400,83700,29870,-10.25,4973480000,4960574800,-5.79E+16,-1.341,8.44,0,2.01
0.0099,7.11,0.07,7.11,7.12,16114830,114961732,10600,-0.0014,0.0114,-0.34,0.0163,4.64,7174331500,7022381600,0.9802,7351133,8763697,0.839,0.03,1.03,-54531803,1.88,-0.05,7.04,7.03,-0.0014,7.33,6.99,-0.0111,-0.0097,0.1092,-0.2161,0.0483,25100,68700,8706,3.37,1007630820,987676740,-5.07E+15,-3.643,3.78,1,-39.36
0.0016,31.35,0.05,31.36,31.4,2609256,82163919,1700,-0.0032,-0.0104,-0.45,0.0136,12.94,6025219200,6025219200,1,1379404,1229852,1.12,0.04,1.69,30900000,11.77,0.058,31.3,31.68,0.0121,31.77,31.15,-0.0092,-0.0611,-0.0471,-0.2077,0.0198,200,4400,5718,7.4,192192000,192192000,1.30E+15,0.4904,2.66,2,-9.5
-0.0083,10.73,-0.09,10.72,10.73,3288812,35232187,800,0.0009,-0.0111,0.16,0.0131,-55.48,3840642500,2688400600,0.7,1707600,1581212,1.08,-0.23,0.72,6912676,4.07,0.019,10.82,10.85,0.0028,10.85,10.66,-0.0201,0.0624,0.0113,0.0094,0.0176,16000,6100,4963,-53.61,357935000,250549910,9.61E+14,1.346,2.64,1,39.67
-0.0293,76.3,-2.3,76.24,76.35,876206,67215543,300,0.0066,-0.0293,-0.52,0.0123,55.88,12920642000,5420836500,0.4195,584956,291250,2.01,-0.12,1.39,40020182,6.32,0.236,78.6,78.6,0,78.6,75.69,-0.0636,-0.0305,-0.184,-0.4223,0.037,200,600,3882,-17.43,169340000,71046350,4.76E+15,-0.4529,12.08,1,41.3
0.003,29.81,0.09,29.82,29.85,421688,12517219,1200,0,-0.0007,0.43,0.0092,-8.03,2952779900,1370108700,0.464,226310,195378,1.16,-0.02,0.58,33778659,2.82,0.341,29.72,29.83,0.0037,29.88,29.48,-0.0381,0.0244,0.0129,-0.4558,0.0135,100,700,1370,-14.33,99053333,45961378,3.89E+15,0.3407,10.57,2,13.39
0.2001,27.95,4.66,27.95,0,32912005,896855360,2000,0,0.1362,3.01,0.1619,100,7325355400,5682441400,0.7757,15827744,17084261,0.927,0.58,5.58,38239882,4.37,0.15,23.29,24.6,0.0562,27.95,24.6,0.3608,0.5391,0.4883,-0.0131,0.1438,3312624,0,31278,3.12,262087850,203307390,5.21E+15,-0.3999,6.4,0,590.02
0.016,8.25,0.13,8.24,8.25,21657495,178295430,300,0.0024,0.0236,0.22,0.0395,50.79,6530113500,4527418500,0.6933,8787286,12870209,0.683,0.24,1.2,24699914,3.92,0.031,8.12,8.06,-0.0074,8.37,8.02,-0.0283,0.0536,0.066,-0.4039,0.0431,18220,16640,10711,9.96,791528910,548778000,3.85E+15,0.1916,2.1,2,-44.21
0.0045,22.38,0.1,22.38,22.39,4022400,90004897,2800,0.0009,0.009,0.02,0.0125,65.05,8752598700,7225285800,0.8255,2518000,1504400,1.67,0.1,0.83,42664168,4.12,0.109,22.28,22.18,-0.0045,22.59,22.1,-0.0925,-0.085,0.077,0.1101,0.022,100,2100,8436,17.48,391090200,322845660,4.71E+15,0.5089,5.43,3,-5.91
0.0015,27.42,0.04,27.41,27.42,981400,26797595,300,0.0026,0.0059,0.42,0.011,-21.58,5955624000,2440400800,0.4098,540350,441050,1.23,0.03,0.67,240000000,2.64,0.575,27.38,27.26,-0.0044,27.53,27.14,-0.019,0.025,-0.0183,0.243,0.0142,300,5700,4334,12.09,217200000,89000760,1.48E+16,2.342,10.38,1,-5.09
-0.03,6.78,-0.21,6.78,6.79,21002970,141867740,4200,0.0015,-0.016,0.36,0.0272,44.96,5292073200,5232567000,0.9888,11875920,9127050,1.3,-0.38,1.47,29482222,1.98,0.04,6.99,6.89,-0.0143,6.89,6.65,0.0165,0.015,0.1078,-0.1385,0.0343,5600,55200,10753,-26,780541780,771765050,3.01E+15,-0.3121,3.43,2,98.7
0.0364,33.32,1.17,33.32,33.33,54367320,1808175300,3900,0.003,0.0416,0.19,0.0347,66.34,57247454000,52229681000,0.9123,25995624,28371696,0.916,0.3,2.21,94923224,4.08,0.055,32.15,31.99,-0.005,34.33,31.8,0.0882,0.1688,0.0917,-0.2086,0.0787,1800,1800,64931,9.47,1718626700,1567988000,9.65E+15,-0.2613,8.17,0,-104.66
0.0932,10.67,0.91,10.65,10.66,25844491,267704080,2100,-0.0084,0.0977,3.19,0.0591,-85.56,5668267400,4663088500,0.8227,10083662,15760829,0.64,0.73,3.45,-65330496,6.22,-0.123,9.76,9.72,-0.0041,10.95,9.63,0.0746,0.1113,0.1978,0.0832,0.1352,3100,22000,24644,23.2,531234060,437027980,-7.82E+15,-1.093,1.72,1,-124.78
0.0095,18,0.17,17.98,17.99,1841440,32996635,1700,0.0056,0.009,0.45,0.0057,6.54,6511630700,5787026400,0.8887,1011200,830240,1.22,-0.02,0.72,48000000,3.93,0.07,17.83,17.84,0.0006,18.15,17.71,-0.0088,0.0399,0.0198,0.3514,0.0247,7200,100,2977,-10.75,361757260,321501470,3.15E+15,-0.116,4.58,2,3.85
0.0242,14.4,0.34,14.4,14.41,4564760,64803107,300,0.0042,0.0235,1.45,0.0135,-48.35,6590831700,4865046300,0.7382,1750040,2814720,0.622,-0.09,1.15,85039183,4.13,0.186,14.06,14.07,0.0007,14.42,14,-0.0445,0.0271,0.0077,-0.5009,0.0299,1200,5000,9131,-19.64,457696650,337850440,9.26E+15,0.1737,3.49,4,8.88
-0.0194,8.6,-0.17,8.59,8.6,6569400,56567907,1000,0.0012,-0.0183,-0.12,0.0147,78.09,3842155400,3837687800,1,4411771,2157629,2.04,-0.08,0.81,1963886,5.53,0.004,8.77,8.76,-0.0011,8.76,8.56,0.0023,0.0738,0.0412,-0.2942,0.0228,6900,10200,7206,-18.84,446762260,446762260,2.79E+14,-0.8811,1.55,0,22.45
-0.0114,4.32,-0.05,4.32,4.33,12723491,54969628,2800,-0.0023,-0.0092,-0.01,0.0076,9.38,8471917400,7225144000,0.8528,8009164,4714327,1.7,-0.03,1.05,220500000,1.91,0.032,4.37,4.36,-0.0023,4.36,4.3,-0.0248,0.0335,0.0047,-0.3175,0.0137,113318,255400,11486,-6.8,1961092000,1672487000,6.95E+15,-0.1824,2.26,2,-3.97
0.0121,28.33,0.34,28.33,28.34,6841418,192615840,300,0.0039,0.0154,0.63,0.0156,-0.37,14365753000,12440134400,0.866,3457602,3383816,1.02,0.09,0.84,472000000,3.51,0.26,27.99,27.9,-0.0032,28.48,27.61,-0.0173,0.1105,0.1311,-0.2756,0.0311,16900,1000,12091,9.77,507086220,439115230,1.56E+16,0.1781,8.07,2,-42.52
-0.007,30,-0.21,29.94,30,391740,11725508,500,0.0023,-0.0073,0.23,0.0099,18.52,2373210000,1185368520,0.4995,256880,134860,1.9,-0.15,1.51,-7507148,2.4,-0.095,30.21,30.22,0.0003,30.22,29.76,-0.0434,0.0302,-0.0076,-0.2366,0.0152,1700,100,1326,-43.44,79107000,39512284,-7.04E+14,-1.803,12.5,2,44.86
-0.01,28.7,-0.29,28.7,28.78,1188300,33955438,200,0.0035,-0.0086,0.43,0.0026,61.68,12987249400,12973180600,0.9989,770550,417750,1.84,0,0.73,-59036739,3.76,-0.133,28.99,28.95,-0.0014,28.99,28.28,-0.0024,0.1005,0.0316,0.0156,0.0245,600,700,3101,-6.19,452517400,452027200,-1.11E+16,0.2887,7.64,1,0.85
-0.012,28.93,-0.35,28.91,28.93,837696,24206612,200,0.0017,-0.0092,0.11,0.0139,41.61,3703057300,1740078700,0.4699,537972,299724,1.79,-0.14,1.17,8942325,3.16,0.07,29.28,29.2,-0.0027,29.21,28.78,-0.0502,-0.0395,-0.0638,-0.2897,0.0147,1400,100,2642,-39.83,128000598,60147898,1.01E+15,0.0181,9.16,2,21.09
-0.0083,14.39,-0.12,14.39,14.4,4250446,61344477,100,0.0021,-0.0076,-0.29,0.006,14.67,10285514700,10265309000,0.998,2481441,1769005,1.4,-0.02,0.47,74630878,4.29,0.104,14.51,14.5,-0.0007,14.63,14.3,0.0293,0.0985,0.1233,0.3971,0.0227,8300,2600,5989,-5.46,714768220,713364070,8.69E+15,0.3619,3.36,1,3.98
0.0713,116.66,7.76,116.66,116.68,1321402,150423150,200,0.009,0.0802,2.59,0.0661,-26.53,9332800000,2333200000,0.25,576505,744897,0.774,-0.1,1.62,31789573,11.41,0.4,108.9,108,-0.0083,117.5,107.2,0.1232,-0.0114,0.4438,0.1657,0.0946,300,100,5577,-2.7,80000000,20000000,3.70E+15,0.1002,10.23,2,142.16
0.0189,36.08,0.67,36.06,36.08,2264462,81379009,100,0.0003,0.0155,0.4,0.0331,40.5,4334615100,2471902100,0.5703,902778,1361684,0.663,-0.23,1.91,27908205,4.43,0.232,35.41,35.53,0.0034,36.38,35.21,-0.0066,-0.0066,-0.0614,-0.148,0.033,2100,2200,4678,-14.28,120139000,68511700,2.96E+15,-0.0401,8.14,3,21.2
0.0039,64.39,0.25,64.38,64.39,3468117,221072200,1700,0.002,0.0064,1.01,0.0015,-76.12,1.70E+11,1.47E+11,0.8675,2039416,1428701,1.43,0,0.78,1953641300,10.29,0.272,64.14,63.98,-0.0025,64.41,63.41,0.0214,-0.0115,0.0218,-0.0614,0.0156,600,700,8612,-0.55,2638517200,2288928200,7.30E+16,0.11,6.26,0,1.23
0.0025,60.39,0.15,60.39,60.4,3758251,225111180,2600,-0.0018,-0.0035,0.82,0.0637,-28.21,10225234800,3561802200,0.3483,1971056,1787195,1.1,-0.25,2.97,146856810,6,0.867,60.24,60.6,0.006,61.3,58.58,0.2457,0.2835,0.4913,-0.044,0.0452,200,300,14607,-8.72,169320000,58980000,1.71E+16,0.6979,10.07,0,56.71
-0.0181,14.14,-0.26,14.12,14.13,2913900,41248508,1900,0.0007,-0.0153,-0.11,0.0138,31.12,3841351600,2988536000,0.778,1810500,1103400,1.64,-0.09,1.08,52495128,2.84,0.196,14.4,14.36,-0.0028,14.36,14.06,-0.0056,0.0599,-0.0167,-0.2894,0.0208,8400,2000,5848,-25.37,271665600,211353330,6.16E+15,0.3621,4.99,0,28.29
-0.0023,21.25,-0.05,21.25,21.27,388340,8266323,300,0.0019,-0.0023,-0.17,0.0009,38.56,8925000000,8925000000,1,201690,186650,1.08,-0.02,0.74,54917501,5.55,0.13,21.3,21.3,0,21.44,21.19,-0.0139,0.0071,0.0954,-0.2313,0.0117,100,500,1046,-63.78,420000000,420000000,6.83E+15,0.0943,3.83,1,2.65
-0.0063,25.28,-0.16,25.22,25.29,159800,4031661,100,-0.0004,-0.0063,0.2,0.0098,4.6,1607428800,413328000,0.2571,118250,41550,2.85,-0.11,0.98,-53000000,1.98,-0.298,25.44,25.44,0,25.44,25.14,-0.0102,0.026,0.0032,-0.4799,0.0118,500,300,485,-100,63585000,16350000,-1.86E+15,-3.065,12.77,2,20.15
-0.0114,20.02,-0.23,20.02,20.04,967354,19324091,100,0.0005,-0.0065,0.22,0.0168,48.39,4804800000,1154641870,0.2403,610837,356517,1.71,-0.04,1.73,27964504,2.13,0.12,20.25,20.15,-0.0049,20.22,19.9,-0.0296,0.001,-0.0649,-0.4677,0.0158,1400,800,1953,-16.2,240000000,57674419,3.37E+15,-0.2345,9.38,3,0
-0.0602,42,-2.69,42,42.05,3539008,148562160,700,-0.0007,-0.012,0.05,0.07,20.61,8497679400,2124423000,0.25,2259312,1279696,1.77,-0.27,2.53,119179557,1.86,0.61,44.69,42.51,-0.0488,42.78,41.07,-0.0463,0.0125,-0.0679,-0.4184,0.0383,3400,800,9741,-8.39,202325700,50581500,1.37E+16,-0.5093,22.62,1,71.83
0.0096,15.79,0.15,15.79,15.8,3681640,57527788,100,0,0.0122,1.05,0.0221,-41.92,6367636500,2631209900,0.4132,1802820,1878820,0.96,-0.03,0.68,18524065,2.9,0.046,15.64,15.6,-0.0026,15.85,15.45,-0.0283,0.0822,0.1004,0.1008,0.0256,2100,7800,8484,-4.86,403270200,166637740,1.48E+15,0.3003,5.44,0,-10.42
-0.0081,8.61,-0.07,8.61,8.62,1859369,15995216,100,-0.0012,-0.0103,0.09,0.0088,13.61,1819571200,1819571200,1,1087650,771719,1.41,-0.06,0.81,2284528,3.06,0.011,8.68,8.7,0.0023,8.7,8.55,0.0214,0.0513,-0.0433,-0.2285,0.0173,18500,6400,3325,-38.44,211332310,211332310,7.96E+14,0.0495,2.82,0,5.29
-0.0062,22.51,-0.14,22.51,22.53,642702,14538073,100,0.0018,-0.0062,-0.49,0.0059,70.56,3617176800,2444854500,0.6759,323550,319152,1.01,0,0.6,2084746,3.64,0.013,22.65,22.65,0,22.86,22.37,-0.031,-0.0251,-0.0347,-0.2845,0.0216,3800,500,1997,-4.1,160691990,108611929,3.14E+14,-0.4718,6.19,2,0
-0.0101,19.55,-0.2,19.54,19.55,1044500,20393569,400,0.0005,-0.022,0.13,0.0133,64.65,2148620200,1536163100,0.715,582770,461730,1.26,-0.01,1.01,12380945,3.13,0.113,19.75,19.99,0.0122,19.99,19.4,-0.0355,0.0455,0.0579,-0.1779,0.0299,3000,100,2976,-2.7,109903846,78576120,1.61E+15,0.0183,6.26,1,8.93
0.0133,17.53,0.23,17.52,17.53,4020503,70272289,2000,0.0011,0.0092,0.3,0.0293,-55.83,3225798400,2403822200,0.7452,2198457,1822046,1.21,0.17,1.02,8900000,2.58,0.023,17.3,17.37,0.004,17.78,17.15,-0.0524,0.0348,0.3454,-0.5912,0.0364,900,6900,10760,27.21,184015880,137126190,4.73E+14,-0.6078,6.78,0,-32.7
-0.0019,62.79,-0.12,62.79,62.8,6836355,430366820,900,0.0019,-0.0002,-0.26,0.0047,-21.81,98188286000,91159838000,0.9284,3719662,3116693,1.19,-0.01,1.14,346360540,9.99,0.221,62.91,62.8,-0.0017,63.7,62.19,0.0825,0.0775,0.0142,-0.1496,0.024,700,400,24540,-5.97,1563756700,1451821000,4.14E+16,0.725,6.28,0,3.65
-0.0011,18.67,-0.02,18.67,18.68,1954900,36446851,100,0.0005,0.0038,0.14,0.0163,70.55,3689021400,2234454800,0.6057,986350,968550,1.02,-0.12,1.15,7999650,4.59,0.041,18.69,18.6,-0.0048,18.93,18.45,-0.0331,0.0343,0.0448,-0.1696,0.0257,7000,2600,4087,-19.27,197590860,119681566,1.03E+15,0.1662,4.07,1,19.98
-0.0057,47.05,-0.27,47.03,47.07,570400,26881178,100,0,-0.0072,-0.16,0.0029,-17.95,10803605300,9380973700,0.8683,312600,257800,1.21,-0.04,0.65,267500000,3.12,0.55,47.32,47.39,0.0015,47.58,46.88,-0.0147,0.0257,0.0266,0.0512,0.0148,100,1400,2710,-25.53,229619670,199383080,1.51E+16,0.3966,15.08,0,3.17
-0.0032,34.6,-0.11,34.58,34.6,756280,26356622,600,0.0009,0.0058,-0.72,0.0115,-86.85,3442364400,2265975300,0.6583,374505,381775,0.981,0.02,0.92,254145,5.13,0.003,34.71,34.4,-0.0089,35.36,34.24,-0.0037,0.1304,0.0026,-0.4328,0.0323,400,3900,2521,4.27,99490300,65490617,2.95E+14,2.664,6.75,0,-18.32
0.0886,15.6,1.27,15.6,15.61,12575527,188442990,2400,0.0189,0.1143,4.29,0.0833,60.37,2358720000,2355901800,0.9988,6091870,6483657,0.94,0.51,7.16,-7235490,16.67,-0.048,14.33,14,-0.023,16.15,13.8,0.1346,0.2189,0.2235,-0.1768,0.164,9700,700,20204,16.49,151200000,151019350,-7.90E+14,-0.5859,0.94,0,-98.92
-0.0015,25.91,-0.04,25.9,25.94,3117950,81061709,400,-0.0027,-0.0223,-0.34,0.0284,-78.6,4309293100,2840673900,0.6592,1742760,1375190,1.27,-0.02,1.06,10957036,3.22,0.07,25.95,26.5,0.0212,26.5,25.61,0.097,0.1135,0.0364,-0.065,0.0343,300,1700,8493,-2.5,166317760,109636197,1.30E+15,-0.7985,8.05,0,-10.05
-0.0066,29.98,-0.2,29.97,29.98,2044574,61157191,3300,0.0003,0.0007,0.23,0.0057,16.04,11614581400,10831641000,0.9326,1153150,891424,1.29,-0.1,0.55,225000000,3.31,0.29,30.18,29.96,-0.0073,30.14,29.7,0.0352,0.0933,0.0338,0.038,0.0146,300,7200,5364,-32.78,387410990,361295560,1.44E+16,1.212,9.05,0,14.77
0,25.1,0,25.09,25.1,6220942,157505210,300,-0.0016,-0.0004,-0.87,0.0308,83.51,5070200000,5070200000,1,3650850,2570092,1.42,-0.14,2.03,28000000,7.82,0.07,25.1,25.11,0.0004,25.88,24.66,0.0232,0.0129,0.1141,-0.0738,0.0486,400,200,10018,-11.06,202000000,202000000,1.21E+15,0.9976,3.21,0,52.26
0.0028,21.23,0.06,21.19,21.23,974335,20811828,400,0.0033,0,-0.61,0.0053,-89.18,6326905300,3931965000,0.6215,486838,487497,0.999,0,0.5,30252434,4.54,0.102,21.17,21.23,0.0028,21.6,21.06,-0.0454,0.0192,-0.097,0.2577,0.0255,2800,1100,3230,-1.75,298017210,185207960,3.55E+15,-0.2655,4.67,1,-4.89
0.0099,16.29,0.16,16.3,16.34,316900,5148169,400,-0.0018,0.0124,0.28,0.0046,-42.48,2123043100,1130755330,0.5326,156017,160883,0.97,-0.02,0.71,-10982898,8.93,-0.084,16.13,16.09,-0.0025,16.4,16.01,-0.0145,0.0489,0.0416,-0.1706,0.0242,300,4300,1127,-100,130328000,69414078,-1.18E+15,-1.852,1.82,5,4.05
0.0024,12.74,0.03,12.72,12.74,4380073,55390651,2100,0.0016,0.0079,0.74,0.0261,10.12,2977886500,2136912500,0.7176,2391777,1988296,1.2,-0.22,0.65,-9895578,3.23,-0.042,12.71,12.64,-0.0055,12.81,12.51,-0.0047,0.0626,0.088,-0.5043,0.0236,5200,5600,5343,-24.76,233743060,167732530,-1.23E+15,-1.434,3.95,2,58.65
0.0123,93.48,1.14,93.43,93.48,5364981,488638080,200,0.0104,0.0216,2.6,0.0318,-23.98,22031963000,15780697000,0.7163,2950453,2414528,1.22,-0.01,1.34,157653350,14.57,0.142,92.34,91.5,-0.0091,93.88,88.5,-0.0467,0.1471,0.3175,0.7811,0.0583,200,600,20111,-0.53,235686380,168813610,3.37E+15,0.9015,6.42,1,1.58
-0.0145,25.75,-0.38,25.75,25.77,966600,24926740,200,0.0004,-0.0149,-0.15,0.0063,57.24,10346267600,3948496900,0.3816,559250,407350,1.37,-0.01,1.12,73307987,5.47,0.183,26.13,26.14,0.0004,26.14,25.67,-0.0265,0.0174,-0.0717,-0.365,0.018,300,1800,2662,-7.52,401796800,153339690,8.15E+15,-0.3615,4.71,2,4.74
-0.0082,13.34,-0.11,13.34,13.36,663785,8838427,100,-0.0008,-0.0074,0.18,0.0025,0.49,3537177100,3536888700,0.9999,391111,272674,1.43,0.01,0.91,21779567,4.39,0.08,13.45,13.44,-0.0007,13.45,13.23,-0.0045,0.0269,-0.0539,-0.2801,0.0164,1700,2800,1102,13.92,265155700,265134080,2.76E+15,0.1936,3.04,1,-2.27
-0.0185,9,-0.17,9,9.01,3823900,34501086,500,-0.0011,-0.0142,-0.25,0.0094,73.34,4329832500,3642886800,0.8413,2453000,1370900,1.79,-0.12,1,-18026702,2.26,-0.038,9.17,9.13,-0.0044,9.18,8.97,-0.027,0.0297,-0.0354,-0.4022,0.0229,55100,9600,6955,-36.69,481092500,404765200,-2.32E+15,-1.386,3.99,0,10.87
-0.0237,10.73,-0.26,10.73,10.74,3855300,41569175,100,-0.0009,-0.0156,-0.48,0.0074,94.25,7582252900,5606148200,0.7394,2408143,1447157,1.66,-0.13,0.92,-33445992,8.56,-0.047,10.99,10.9,-0.0082,10.98,10.7,-0.0325,0.0571,0.0161,-0.2996,0.0255,14300,2100,4218,-31.86,706640540,522474210,-3.43E+15,-0.6114,1.25,0,3.5
0.0036,30.35,0.11,30.35,30.38,1011550,30707720,500,0.0017,-0.0039,-0.02,0.0056,-76.17,5463000000,5463000000,1,504250,507300,0.994,0.03,1.24,8602759,4.55,0.048,30.24,30.47,0.0076,30.57,30.03,0.0117,0.0616,0.0642,-0.1511,0.0179,200,1600,2292,12.79,180000000,180000000,8.59E+14,-0.3564,6.67,0,-12.26
-0.011,7.18,-0.08,7.18,7.19,4045100,29083648,200,0,-0.0083,-0.14,0.0086,55.93,3512494100,3393697900,0.9662,2442700,1602400,1.52,-0.09,0.74,-57500000,3.97,-0.054,7.26,7.24,-0.0028,7.3,7.15,-0.0362,0.017,0.0028,-0.5075,0.0207,12000,4500,8358,-34.47,489205300,472659870,-3.17E+15,-2.189,1.81,2,5.12
0.0086,25.85,0.22,25.82,25.85,10290491,263466170,400,0.0023,0.0282,0.96,0.0246,-58.33,12127415900,10829051100,0.8929,5144959,5145532,1,-0.38,0.82,110745406,5.28,0.236,25.63,25.14,-0.0191,26.08,24.8,0.0319,0.2141,0.3986,0.2469,0.0499,1200,200,17265,-25.31,469145680,418918800,1.37E+16,0.0307,4.9,1,119.51
-0.013,10.6,-0.14,10.6,10.62,8466617,90584320,200,-0.0009,-0.0093,-0.92,0.0123,53.25,7944435000,7286379800,0.9172,4743714,3722903,1.27,-0.16,1.23,-79549161,7.01,-0.11,10.74,10.7,-0.0037,10.82,10.55,-0.0275,-0.0203,-0.2561,-0.0212,0.0251,51000,9200,7347,-28.97,749475000,687394320,-8.61E+15,-2.913,1.51,0,60.35
-0.0432,11.74,-0.53,11.73,11.74,50908511,597126570,900,-0.0009,-0.0281,0.09,0.0338,-25,18199488000,17693816000,0.9722,28206978,22701533,1.24,-1.03,1.45,-58364480,4.43,-0.037,12.27,12.08,-0.0155,12.08,11.55,0.0586,0.088,0.1487,0.051,0.0432,3100,300,33119,-35.85,1550212000,1507139300,-6.94E+15,-1.399,2.65,0,214.18
-0.0105,57.43,-0.61,57.42,57.43,3392729,196016020,800,0.0007,0.004,-0.59,0.0153,40,23328655000,12742477900,0.5461,1964829,1427900,1.38,-0.07,0.79,266743620,14.99,0.657,58.04,57.2,-0.0145,58.49,57.2,-0.0462,0.12,0.1117,0.4511,0.0222,5300,1000,13111,-9.35,406281000,221878420,3.15E+16,1.765,3.83,1,24.49
0.0016,6.13,0.01,6.13,6.14,4682449,28834283,3000,0.0016,0.0016,-0.46,0.0111,26.05,3282798300,2574515800,0.7842,2215368,2467081,0.898,-0.07,0.74,4936984,3.86,0.009,6.12,6.12,0,6.21,6.11,0.0099,0.0082,0.0587,-0.1415,0.0163,10200,34200,6628,-22.4,535529910,419986260,6.46E+14,0.072,1.59,1,5.05
-0.0155,17.1,-0.27,17.07,17.1,1726224,29561543,300,0.0041,-0.0155,-0.14,0.0165,46.1,3252616700,1787018400,0.5494,1170142,556082,2.1,-0.31,1.15,13643919,3.87,0.073,17.37,17.37,0,17.38,17.03,-0.0217,0.0083,-0.0782,-0.3586,0.0201,2300,3500,2589,-53.87,190211500,104504000,1.36E+15,-0.2123,4.42,2,82.94
-0.0231,30.82,-0.73,30.8,30.82,3325629,102653285,1000,-0.0013,-0.0169,-0.15,0.0068,28.96,19229002000,15018897000,0.7811,1721360,1604269,1.07,-0.03,1.76,1750000000,2.89,1.21,31.55,31.35,-0.0063,31.55,30.7,-0.0314,0.0426,-0.0354,-0.0819,0.0269,400,4400,9121,-9.06,623913100,487310090,1.08E+17,1.226,10.66,0,11.97
-0.0318,23.48,-0.77,23.48,23.49,2460972,58300138,900,0.0004,-0.0318,-0.87,0.0284,3.35,3968120000,2033661500,0.5125,1684018,776954,2.17,-0.35,1.28,31641968,4.45,0.187,24.25,24.25,0,24.25,23.45,-0.003,0.0213,-0.0749,-0.2817,0.033,500,2100,4103,-25.3,169000000,86612500,4.29E+15,0.1528,5.28,2,83.1
0.0003,29.58,0.01,29.56,29.6,3157551,93523544,300,0.0037,0.0151,-0.13,0.0236,47.7,6143148800,3962919300,0.6451,1758039,1399512,1.26,-0.29,0.98,-18749067,5.72,-0.09,29.57,29.14,-0.0145,30.38,29.14,0.0667,0.2726,0.4593,-0.1479,0.0419,200,200,8861,-27.43,207679130,133972931,-2.85E+15,0.459,5.17,1,85.11
-0.0091,31.71,-0.29,31.72,31.78,2354160,74827473,1200,0.001,-0.0094,-0.24,0.0127,69.37,9295992400,5888509400,0.6334,1414620,939540,1.51,-0.07,1,65985292,5.25,0.225,32,32.01,0.0003,32.23,31.45,-0.0523,-0.0492,-0.1264,-0.3895,0.0244,200,100,6466,-17.23,293156490,185698810,7.60E+15,0.4095,6.04,2,13.72
-0.0031,60.81,-0.19,60.81,60.82,255400,15538549,400,-0.0023,0.0021,-0.05,0.0061,54.93,6567674600,2549966400,0.3883,153000,102400,1.49,0.08,0.66,44559616,5.3,0.413,61,60.68,-0.0052,61.66,60.14,-0.0409,-0.0047,-0.0119,-0.2577,0.0249,2600,100,1025,60.52,108003200,41933340,5.22E+15,0.5148,11.46,1,-17.83
-0.0175,6.19,-0.11,6.18,6.19,43455766,268113210,136600,0.0032,-0.0143,0.32,0.0187,-22.13,15419524000,14360491000,0.9313,25201535,18254231,1.38,-0.35,1.43,32681425,1.63,0.013,6.3,6.28,-0.0032,6.28,6.11,0.0181,0.1093,0.0198,-0.4231,0.027,28300,108400,24488,-23.45,2491037800,2319950000,5.86E+15,-0.91,3.79,0,58.13
-0.0295,31.88,-0.97,31.88,31.89,2147655,68648302,100,0.0003,-0.0233,-0.26,0.0497,56.87,12768482000,1378994900,0.108,1270376,877279,1.45,-0.43,2.1,177239160,7.33,0.443,32.85,32.64,-0.0064,32.65,31.63,-0.0461,-0.0363,-0.1611,-0.0821,0.0311,400,2000,5324,-26.63,400517000,43255800,2.77E+16,2.324,4.35,1,83.93
-0.0134,24.29,-0.33,24.29,24.3,701220,17059271,1600,0.0008,-0.0106,-0.15,0.0011,65.34,14959725000,14959656000,1,482198,219022,2.2,-0.01,1.11,216153000,1.89,0.35,24.62,24.55,-0.0028,24.58,24.24,-0.0166,0.0146,-0.1551,-0.478,0.0138,1700,1500,1488,-33.05,615880000,615877150,2.59E+16,-0.2107,12.88,2,5.36
-0.007,29.92,-0.21,29.92,29.98,521632,15634657,300,0,-0.007,-0.17,0.0049,-31.51,6382933400,3216210100,0.5039,301530,220102,1.37,-0.03,0.31,90859414,3.07,0.426,30.13,30.13,0,30.28,29.81,0.0403,0.2556,0.1647,-0.3906,0.0156,1100,600,2149,-55.67,213333330,107493654,1.18E+16,0.449,9.74,0,9.03
0.0408,13.01,0.51,13,13.01,10102293,130188704,600,-0.0015,0.04,0.98,0.0481,22.4,3121006900,2734763100,0.8762,4338490,5763803,0.753,0.16,3.44,8245446,4.48,0.034,12.5,12.51,0.0008,13.08,12.44,0.0148,-0.0225,0.1196,-0.1682,0.0512,22500,5900,11746,10.52,239892920,210204700,9.87E+14,-0.4675,2.91,6,-16.37
-0.0167,10.62,-0.18,10.61,10.63,1614700,17179412,900,0,-0.0158,-0.18,0.012,68.46,1782366200,1426029800,0.8001,1093850,520850,2.1,-0.08,1.2,9913245,2.66,0.06,10.8,10.79,-0.0009,10.82,10.57,-0.0389,0.0182,-0.0158,-0.3556,0.0231,6200,8400,4101,-67.18,167831090,134277760,1.20E+15,-0.0423,3.99,2,11.73
-0.0105,13.24,-0.14,13.23,13.24,1549300,20522512,200,-0.0008,-0.0038,-0.05,0.0072,87.29,2872907900,2863499500,0.9967,976450,572850,1.7,0.07,0.81,175000000,2.25,0.791,13.38,13.29,-0.0067,13.4,13.16,0.0185,0.0738,0.0376,-0.2351,0.0179,3400,1100,3192,34.15,216987000,216276390,1.99E+16,5.123,5.88,1,-8.98
-0.0282,20.35,-0.59,20.35,20.36,3968491,82037150,4100,0.001,-0.0254,-1.54,0.0243,-61.67,5164565300,3329448200,0.6447,2355267,1613224,1.46,-0.18,0.91,89000000,3.07,0.113,20.94,20.88,-0.0029,21.17,20.31,0.2128,0.2807,0.1899,-0.0063,0.0411,1200,200,10168,-20.41,253413410,163368410,3.53E+15,0.2212,6.63,0,35.84
-0.0182,8.09,-0.15,8.09,8.1,2434789,19785953,100,-0.0012,-0.0182,-0.44,0.0079,35.96,2535871100,2506683600,0.9885,1673333,761456,2.2,-0.08,1.09,-5988916,1.68,-0.02,8.24,8.24,0,8.24,8.08,-0.0334,0,0.0025,-0.119,0.0194,48400,10500,3476,-33.46,313457490,309849640,-6.57E+14,-2.295,4.82,2,18.09
0.0236,70.4,1.62,70.26,70.4,4185394,293799460,400,0.0033,0.0292,0.3,0.0227,52.26,13041752100,13002574500,0.997,2201947,1983447,1.11,0.19,1.66,41993466,10.63,0.23,68.78,68.4,-0.0055,71.68,68.28,0.1098,0.1193,0.0018,0.2837,0.0494,1000,500,15915,14.3,185252160,184695660,4.50E+15,2.28,6.63,2,-78.31
-0.0181,30.92,-0.57,30.93,30.96,1332700,41510258,100,0,-0.0212,-0.72,0.0129,-16.79,5585838600,3184955100,0.5702,644520,688180,0.937,-0.18,1.05,88141353,3.77,0.49,31.49,31.59,0.0032,31.6,30.88,-0.0427,0.0961,0.0286,-0.3234,0.0229,400,800,4481,-40.25,180654550,103006311,9.20E+15,0.2534,8.2,1,23.1
-0.0128,26.93,-0.35,26.92,26.96,1467750,39474167,1800,0,-0.0189,0.13,0.0229,67.33,3231600000,1724738600,0.5337,1051850,415900,2.53,0.06,1.68,12620962,3.36,0.105,27.28,27.45,0.0062,27.45,26.8,-0.0368,-0.0264,-0.0966,0.3465,0.0238,1100,200,3099,5.67,120000000,64045251,1.37E+15,-0.0658,8.02,1,44.37
-0.0094,9.47,-0.09,9.46,9.48,11866970,112503536,200,0.0011,-0.0094,-0.11,0.0043,-8.77,27781272000,26395005000,0.9501,5820702,6046268,0.963,-0.01,1.53,202500000,2.9,0.03,9.56,9.56,0,9.58,9.38,0.0384,0.1274,0.105,-0.263,0.0209,21046,29300,16718,-2.46,2933608400,2787223400,8.33E+15,-0.6241,3.26,0,-4.33
-0.0195,44.73,-0.89,44.73,44.74,4433216,198003370,600,0.0049,-0.0135,0.15,0.0071,34.97,40025824000,27941804000,0.6981,2497982,1935234,1.29,-0.03,1.04,258271360,10.37,0.304,45.62,45.34,-0.0061,45.59,44.2,-0.0701,-0.1002,-0.1512,-0.2183,0.0305,11200,1200,14501,-9.11,894831760,624677050,3.27E+16,0.009,4.31,1,-2.45
-0.0044,3278.01,-14.52,0,0,17151301000,2.35E+11,3591000,0.0006,-0.0025,0,0.0043,5.15,4.84E+13,4.09E+13,0,9424817100,7726483900,0,0,1.32,0,1.42,0,3292.53,3286.37,-0.0019,3289.14,3270.56,-0.0011,0.0279,0.0019,-0.0994,0.0056,0,0,17729138,0,0,4.03E+12,0.00E+00,0,0,0,0
